Workbook

Sheet Daftar Akun Spender by web
A1: No | B1: Nama Akun | C1: Username | D1: Hadiah | E1: Tier | F1: Koin Total | G1: Label Utama | H1: Label Lain / Keterangan | I1: Catatan | J1: Sudah Chat? | K1: Sudah Dibalas?
A2: 1 | B2: RFX | C2: @rfx4981 | D2: 3430 | E2: 3 | F2: 1211566 | G2: Whale | H2: Aktif di banyak room (+4) | I2: Peringkat teratas | J2: Sudah | K2: Belum
A3: 2 | B3: Noel Clyne | C3: @noel.clyne | D3: 1006 | E3: 4 | F3: 1039106 | G3: Whale | H3: Aktif di banyak room (+4) | J3: Sudah | K3: Belum
A4: 3 | B4: It's me Zayn | C4: @batangenyongaccountant | D4: 419 | E4: 6 | F4: 607404 | G4: Whale | H4: Aktif di banyak room (+5) | J4: Sudah | K4: Belum
A5: 4 | B5: -_- | C5: @dontfindme7127 | D5: 1970 | E5: 3 | F5: 596978 | G5: Whale | H5: Aktif di banyak room (+5) | J5: Sudah | K5: Belum
A6: 5 | B6: HelmsDeep | C6: @helmsdeep5 | D6: 2785 | E6: 6 | F6: 572837 | G6: Whale | H6: Aktif di banyak room (+3) | J6: Sudah | K6: Belum
A7: 6 | B7: Devil.Prada | C7: @devilredh | D7: 757 | E7: 4 | F7: 544210 | G7: Whale | H7: Aktif di banyak room (+5) | J7: Sudah | K7: Belum
A8: 7 | B8: MrSin | C8: @mrsin30 | D8: 13239 | E8: 3 | F8: 501213 | G8: Whale | H8: Aktif di banyak room (+4) | J8: Sudah | K8: Belum
A9: 8 | B9: SKY | C9: @skycloud118 | D9: 1419 | E9: 6 | F9: 362514 | G9: Whale | H9: Loyal room supporter (+3) | J9: Sudah | K9: Belum
A10: 9 | B10: jooooo | C10: @pjsc070304 | D10: 136 | E10: 6 | F10: 329979 | G10: Whale | H10: Rata-rata 5 gift per hari (+2) | J10: Sudah | K10: Belum
A11: 10 | B11: Alexander | C11: @a1_exander | D11: 2317 | E11: 6 | F11: 290317 | G11: Whale | H11: Rata-rata 22 gift per hari (+3) | J11: Sudah | K11: Belum
A12: 11 | B12: Zull | C12: @zull25563 | D12: 461 | E12: 6 | F12: 283968 | G12: Whale | H12: Aktif di banyak room (+6) | J12: Belum | K12: Belum
A13: 12 | B13: 狮子 (◝ᴗ◜) | C13: @ecova2026 | D13: 8164 | E13: 6 | F13: 267810 | G13: Whale | H13: Aktif di banyak room (+6) | J13: Belum | K13: Belum
A14: 13 | B14: Mr.Arman | C14: @mr.arman336 | D14: 22 | E14: 6 | F14: 248797 | G14: Whale | H14: Sudden gift terakhir: 15.000 coin (+2) | J14: Belum | K14: Belum
... A25: 24 | B25: liyann | C25: @liiyann04 | D25: 411 | E25: 2 | F25: 138790 | G25: Whale | H25: Aktif di banyak room (+5) | J25: Belum | K25: Belum
A26: 25 | B26: virus | C26: @excelcaw | D26: 209 | E26: 3 | F26: 137013 | G26: Whale | H26: Loyal room supporter (+4) | I26: Peringkat 1 halaman 1 | J26: Belum | K26: Belum
A27: 26 | B27: •KETUA• 林Sen | C27: @kapan.aku.benar | D27: 4080 | E27: 4 | F27: 131246 | G27: Whale | H27: Aktif di banyak room (+5) | J27: Belum | K27: Belum
A28: 27 | B28: ⅄X | C28: @yxlolll | D28: 1697 | E28: 6 | F28: 128085 | G28: Whale | H28: Loyal room supporter (+4) | J28: Belum | K28: Belum
A29: 28 | B29: (nama kosong) | C29: @bossman23000 | D29: 7757 | E29: 6 | F29: 124974 | G29: Whale | H29: Aktif di banyak room (+4) | J29: Belum | K29: Belum
A30: 29 | B30: JM'77 | C30: @bukitberbunga77 | D30: 2041 | E30: 4 | F30: 124239 | G30: Whale | H30: Aktif di banyak room (+5) | J30: Belum | K30: Belum
A31: 30 | B31: nitrocrew00 | C31: @nitrocrew00 | D31: 317 | E31: 6 | F31: 123926 | G31: Whale | H31: Loyal room supporter (+2) | J31: Belum | K31: Belum
A32: 31 | B32: yuki | C32: @user73087249 | D32: 163 | E32: 6 | F32: 123920 | G32: Whale | H32: Loyal room supporter (+2) | J32: Belum | K32: Belum
A33: 32 | B33: Erlang Tan | C33: @dakartto | D33: 98 | E33: 6 | F33: 123416 | G33: Whale | H33: Loyal room supporter (+4) | J33: Belum | K33: Belum
A34: 33 | B34: Teteh Cengeng | C34: @momymonster24 | D34: 582 | E34: 3 | F34: 118787 | G34: Whale | H34: Rata-rata 35 gift per hari (+3) | J34: Belum | K34: Belum
A35: 34 | B35: PapaLoneWolf(VE… | C35: @lonewol695 | D35: 263 | E35: 6 | F35: 117042 | G35: Whale | H35: Rata-rata 29 gift per hari (+3) | J35: Belum | K35: Belum
A36: 35 | B36: ♏"ŔɛMĪZŦA=›ß♡ŔD… | C36: @joe_remizta | D36: 4010 | E36: 3 | F36: 115430 | G36: Whale | H36: Aktif di banyak room (+5) | J36: Belum | K36: Belum
A37: 36 | B37: Pirouette21 | C37: @juste_v5 | D37: 3243 | E37: 4 | F37: 114480 | G37: Whale | H37: Aktif di banyak room (+5) | J37: Belum | K37: Belum
A38: 37 | B38: WAX | C38: @wax67753 | D38: 10106 | E38: 3 | F38: 112987 | G38: Whale | H38: Aktif di banyak room (+5) | J38: Belum | K38: Belum
... A67: 66 | B67: ことら | C67: @kuzirasann777 | D67: 12078 | E67: 6 | F67: 70712 | G67: Whale | H67: Sering kirim gift kecil (+5) | J67: Belum | K67: Belum
A68: 67 | B68: mutanunivers | C68: @mutanunivers | D68: 5396 | E68: 5 | F68: 70089 | G68: Whale | H68: Aktif di banyak room (+5) | I68: Halaman 3/87 (peringkat 51-75) | J68: Belum | K68: Belum
A69: 68 | B69: Youngsons | C69: @youngsons | D69: 4926 | E69: 4 | F69: 68754 | G69: Whale | H69: Aktif di banyak room (+5) | I69: Halaman 3/87 | J69: Belum | K69: Belum
A70: 69 | B70: Americano. | C70: @hawe260604 | D70: 2626 | E70: 5 | F70: 68473 | G70: Whale | H70: Rata-rata 54 gift per hari (+3) | I70: Halaman 3/87 | J70: Belum | K70: Belum
A71: 70 | B71: Figment of your Rage Bait… | C71: @figmentofyourragebaiter | D71: 13 | E71: 6 | F71: 67299 | G71: Whale | H71: Loyal room supporter (+3) | I71: Halaman 3/87 | J71: Belum | K71: Belum
A72: 71 | B72: littelpizza | C72: @littelpizza | D72: 35 | E72: 4 | F72: 66367 | G72: Whale | H72: Aktif di banyak room (+4) | I72: Halaman 3/87 | J72: Belum | K72: Belum
A73: 72 | B73: For you | C73: @for.you.233 | D73: 1525 | E73: 6 | F73: 65314 | G73: Whale | H73: Rata-rata 23 gift per hari (+3) | I73: Halaman 3/87 | J73: Belum | K73: Belum
A74: 73 | B74: Allen | C74: @all.en4u | D74: 23 | E74: 6 | F74: 64556 | G74: Whale | H74: Loyal room supporter (+4) | J74: Belum | K74: Belum
A75: 74 | B75: Koko ku | C75: @koko.ku7 | D75: 547 | E75: 5 | F75: 64384 | G75: Whale | H75: Aktif di banyak room (+5) | I75: Muncul di 2 screenshot; nilai lain: 39.178 koin (gbr 25) | J75: Belum | K75: Belum
A76: 75 | B76: Apanyak | C76: @the_night_skies | D76: 1153 | E76: 6 | F76: 64383 | G76: Whale | H76: Aktif di banyak room (+5) | J76: Belum | K76: Belum
A77: 76 | B77: Alice | C77: @aliceee_1224 | D77: 261 | E77: 6 | F77: 64374 | G77: Whale | H77: Loyal room supporter (+5) | J77: Belum | K77: Belum
A78: 77 | B78: Auda | C78: @auda.del | D78: 2414 | E78: 2 | F78: 62596 | G78: Whale | H78: Aktif di banyak room (+4) | J78: Belum | K78: Belum
A79: 78 | B79: . (titik) | C79: @24p4a167u5l90st4i7183f06 | D79: 950 | E79: 3 | F79: 62308 | G79: Whale | H79: Aktif di banyak room (+4) | J79: Belum | K79: Belum
A80: 79 | B80: Formula 1 Frankie | C80: @aishahmygirlfriend | D80: 191 | E80: 6 | F80: 61119 | G80: Whale | J80: Belum | K80: Belum
A81: 80 | B81: Rurouni Kenshin | C81: @davidknight187 | D81: 1315 | E81: 6 | F81: 60924 | G81: Whale | H81: Loyal room supporter (+3) | J81: Belum | K81: Belum
A82: 81 | B82: Ary Yoseph | C82: @ary_yoseph21 | D82: 759 | E82: 6 | F82: 60784 | G82: Whale | H82: Aktif di banyak room (+4) | J82: Belum | K82: Belum
A83: 82 | B83: ✰⊥NAJACHONON Yaf✰ (teks terbalik) | C83: @xjay602 | D83: 73 | E83: 6 | F83: 59838 | G83: Whale | H83: Aktif di banyak room (+3) | J83: Belum | K83: Belum
A84: 83 | B84: ISeeeeeYou | C84: @i_s_y__ | D84: 3429 | E84: 6 | F84: 58940 | G84: Whale | H84: Loyal room supporter (+4) | J84: Belum | K84: Belum
A85: 84 | B85: Mega cristiani Telaumban… | C85: @christin_tel | D85: 383 | E85: 4 | F85: 58855 | G85: Whale | H85: Aktif di banyak room (+5) | J85: Belum | K85: Belum
A86: 85 | B86: Kevin | C86: @kevxf_97 | D86: 551 | E86: 4 | F86: 58592 | G86: Whale | H86: Sudden gift terakhir: 1.088 coin (+2) | J86: Belum | K86: Belum
A87: 86 | B87: bunga | C87: @bungaaa.harum | D87: 1215 | E87: 3 | F87: 57739 | G87: Whale | H87: Rata-rata 109 gift per hari (+2) | J87: Belum | K87: Belum
A88: 87 | B88: CUTIE | C88: @hudacutiepie | D88: 255 | E88: 6 | F88: 57433 | G88: Whale | H88: Loyal room supporter (+4) | J88: Belum | K88: Belum
A89: 88 | B89: bois don kerai | C89: @dingdildong | D89: 1621 | E89: 6 | F89: 57297 | G89: Whale | H89: Loyal room supporter (+3) | J89: Belum | K89: Belum
A90: 89 | B90: Jdogg | C90: @jdogg2282 | D90: 75 | E90: 6 | F90: 57294 | G90: Whale | H90: Sudden gift terakhir: 500 coin (+1) | J90: Belum | K90: Belum
A91: 90 | B91: DrSnoopy | C91: @drsnoopycl | D91: 179 | E91: 6 | F91: 57063 | G91: Whale | H91: Rata-rata 18 gift per hari (+3) | J91: Belum | K91: Belum
A92: 91 | B92: King Thunder | C92: @fino88425 | D92: 435 | E92: 4 | F92: 56744 | G92: Whale | H92: Aktif di banyak room (+5) | J92: Belum | K92: Belum
... A94: 93 | B94: 행복용 | C94: @user2598861379673 | D94: 3639 | E94: 6 | F94: 55866 | G94: Whale | H94: Rata-rata 24 gift per hari (+3) | J94: Belum | K94: Belum
A95: 94 | B95: Đakumatā • Raz… | C95: @dakumata1 | D95: 4109 | E95: 6 | F95: 55577 | G95: Whale | H95: Aktif di banyak room (+5) | I95: Muncul di 2 screenshot; nilai lain: 54.932 koin (gbr 20) | J95: Belum | K95: Belum
A96: 95 | B96: KHY BLAZER | C96: @muhdnizamfernandez | D96: 1871 | E96: 4 | F96: 55116 | G96: Whale | H96: Aktif di banyak room (+5) | I96: Halaman 4/87 (peringkat 76-100 dari 2172) | J96: Belum | K96: Belum
A97: 96 | B97: GuckNicht | C97: @stranger_xyzz | D97: 20 | E97: 6 | F97: 55071 | G97: Whale | H97: Loyal room supporter (+2) | J97: Belum | K97: Belum
A98: 97 | B98: Wak Meng | C98: @wakmeng5 | D98: 1003 | E98: 5 | F98: 54918 | G98: Whale | H98: Aktif di banyak room (+4) | J98: Belum | K98: Belum
A99: 98 | B99: AMEMIYA | C99: @amemiya888 | D99: 2259 | E99: 6 | F99: 54834 | G99: Whale | H99: Aktif pukul 20:00-23:00 (+4) | J99: Belum | K99: Belum
A100: 99 | B100: Superman | C100: @shins_superman_dustin | D100: 271 | E100: 6 | F100: 54025 | G100: Whale | H100: Aktif di banyak room (+5) | J100: Belum | K100: Belum
A101: 100 | B101: Mas BH | C101: @bryanharlie | D101: 9157 | E101: 5 | F101: 52748 | G101: Whale | H101: Sering kirim gift kecil (+6) | J101: Belum | K101: Belum
A102: 101 | B102: YAHH | C102: @yahh6712 | D102: 112 | E102: 3 | F102: 52133 | G102: Whale | H102: Aktif di banyak room (+5) | J102: Belum | K102: Belum
A103: 102 | B103: Luisceline maharaní | C103: @luis36angel | D103: 3766 | E103: 6 | F103: 51469 | G103: Whale | H103: Loyal room supporter (+3) | J103: Belum | K103: Belum
A104: 103 | B104: lyby_ | C104: @lyby_4 | D104: 36 | E104: 6 | F104: 51430 | G104: Whale | H104: Loyal room supporter (+3) | J104: Belum | K104: Belum
A105: 104 | B105: Tanjirodes | C105: @tanjirodes5 | D105: 3454 | E105: 4 | F105: 51402 | G105: Whale | H105: Aktif di banyak room (+5) | J105: Belum | K105: Belum
A106: 105 | B106: Ghost | C106: @ghst.bstr | D106: 938 | E106: 4 | F106: 51277 | G106: Whale | H106: Aktif di banyak room (+5) | J106: Belum | K106: Belum
A107: 106 | B107: Leo_7SS | C107: @leo_7ss | D107: 2067 | E107: 4 | F107: 50610 | G107: Whale | H107: Aktif di banyak room (+4) | J107: Belum | K107: Belum
A108: 107 | B108: . (titik) | C108: @dicky_hsrc | D108: 652 | E108: 6 | F108: 50205 | G108: Whale | H108: Aktif di banyak room (+5) | J108: Belum | K108: Belum
... A110: 109 | B110: Chandddd | C110: @cuma.berchandra_ | D110: 736 | E110: 6 | F110: 48565 | G110: High spender | H110: Aktif di banyak room (+5) | J110: Belum | K110: Belum
A111: 110 | B111: HymJ. | C111: @hymj90 | D111: 602 | E111: 6 | F111: 47686 | G111: High spender | H111: Aktif di banyak room (+5) | I111: Muncul di 2 screenshot; nilai lain: 42.684 koin (gbr 43) | J111: Belum | K111: Belum
A112: 111 | B112: °FYKACHUCHU-TIME… | C112: @chuchu7724 | D112: 200 | E112: 6 | F112: 47369 | G112: High spender | H112: Aktif di banyak room (+5) | J112: Belum | K112: Belum
A113: 112 | B113: ANJANI | C113: @anjani8949 | D113: 569 | E113: 6 | F113: 46863 | G113: High spender | H113: Loyal room supporter (+3) | J113: Belum | K113: Belum
A114: 113 | B114: Amirul Aiman | C114: @aimanidgafyi | D114: 137 | E114: 2 | F114: 46794 | G114: High spender | H114: Aktif di banyak room (+5) | J114: Belum | K114: Belum
A115: 114 | B115: (nama kosong) | C115: @poweranger0301 | D115: 2664 | E115: 3 | F115: 46618 | G115: High spender | H115: Aktif di banyak room (+6) | J115: Belum | K115: Belum
A116: 115 | B116: Kẻ nổi loạn | C116: @rebel381129 | D116: 2141 | E116: 6 | F116: 46609 | G116: High spender | H116: Sudden gift terakhir: 500 coin (+2) | J116: Belum | K116: Belum
A117: 116 | B117: CAPYBARA | C117: @octopuseven1 | D117: 1091 | E117: 6 | F117: 46481 | G117: High spender | H117: Loyal room supporter (+3) | J117: Belum | K117: Belum
A118: 117 | B118: smile clown | C118: @kentzzz175 | D118: 2565 | E118: 5 | F118: 45446 | G118: High spender | H118: Aktif di banyak room (+5) | I118: Muncul di 2 screenshot; nilai lain: 43.376 koin (gbr 43) | J118: Belum | K118: Belum
A119: 118 | B119: xeducatorx | C119: @xeducatorx | D119: 2958 | E119: 4 | F119: 45421 | G119: High spender | H119: Rata-rata 358 gift per hari (+3) | J119: Belum | K119: Belum
A120: 119 | B120: David core | C120: @davidbrass1122 | D120: 988 | E120: 4 | F120: 45070 | G120: High spender | H120: Aktif di banyak room (+6) | J120: Belum | K120: Belum
A121: 120 | B121: TowNGo Towing Service B… | C121: @towngo_towingservicebali | D121: 1882 | E121: 3 | F121: 44923 | G121: High spender | H121: Aktif di banyak room (+5) | J121: Belum | K121: Belum
A122: 121 | B122: Nezinomas | C122: @nezinomas2591 | D122: 1389 | E122: 2 | F122: 44432 | G122: High spender | H122: Aktif di banyak room (+6) | J122: Belum | K122: Belum
A123: 122 | B123: Fuego | C123: @divumetrudistance | D123: 3987 | E123: 6 | F123: 44128 | G123: High spender | H123: Aktif di banyak room (+5) | J123: Belum | K123: Belum
A124: 123 | B124: gemoy | C124: @gemoywww.com | D124: 497 | E124: 4 | F124: 44091 | G124: High spender | H124: Aktif di banyak room (+5) | J124: Belum | K124: Belum
A125: 124 | B125: Richard | C125: @richardsabahan2 | D125: 203 | E125: 6 | F125: 44065 | G125: High spender | H125: Loyal room supporter (+5) | J125: Belum | K125: Belum
A126: 125 | B126: mar_lona | C126: @mar_lona | D126: 3288 | E126: 4 | F126: 43948 | G126: High spender | H126: Loyal room supporter (+3) | J126: Belum | K126: Belum
A127: 126 | B127: TheGrimReaper | C127: @grimreaper16111 | D127: 1254 | E127: 6 | F127: 43336 | G127: High spender | H127: Rata-rata 26 gift per hari (+3) | J127: Belum | K127: Belum
A128: 127 | B128: SleepEatSnorlax | C128: @sleepeatsnorlax | D128: 651 | E128: 4 | F128: 42795 | G128: High spender | H128: Aktif di banyak room (+6) | J128: Belum | K128: Belum
A129: 128 | B129: Anna | C129: @anna.demetriou49 | D129: 14 | E129: 6 | F129: 42194 | G129: High spender | H129: Sudden gift terakhir: 1.000 coin (+1) | J129: Belum | K129: Belum
A130: 129 | B130: 99 | C130: @imami687 | D130: 1705 | E130: 3 | F130: 42183 | G130: High spender | H130: Aktif di banyak room (+5) | J130: Belum | K130: Belum
... A135: 134 | B135: sEcRet sAnta | C135: @santaclaus565 | D135: 151 | E135: 3 | F135: 41494 | G135: High spender | H135: Loyal room supporter (+3) | J135: Belum | K135: Belum
A136: 135 | B136: Stefan Barth (Team Tsch… | C136: @stefanbarth | D136: 1690 | E136: 4 | F136: 41449 | G136: High spender | H136: Aktif di banyak room (+5) | I136: Muncul di 2 screenshot; nilai lain: 41.189 koin (gbr 25) | J136: Belum | K136: Belum
A137: 136 | B137: Britani | C137: @bbbjjjooorrrnnn | D137: 1270 | E137: 5 | F137: 41426 | G137: High spender | H137: Rata-rata 126 gift per hari | J137: Belum | K137: Belum
A138: 137 | B138: sooxutee22 | C138: @sooxutee22 | D138: 1171 | E138: 6 | F138: 41373 | G138: High spender | H138: Loyal room supporter (+3) | J138: Belum | K138: Belum
A139: 138 | B139: fernandotreaad | C139: @fernandotreaad | D139: 31 | E139: 6 | F139: 41193 | G139: High spender | H139: Loyal room supporter (+3) | J139: Belum | K139: Belum
A140: 139 | B140: Escanor | C140: @denjacko | D140: 1925 | E140: 3 | F140: 40816 | G140: High spender | H140: Aktif di banyak room (+5) | I140: Muncul di 2 screenshot; nilai lain: 40.359 koin (gbr 25) | J140: Belum | K140: Belum
A141: 140 | B141: Zackkyy | C141: @zackkyy97 | D141: 139 | E141: 3 | F141: 40730 | G141: High spender | H141: Aktif di banyak room (+4) | J141: Belum | K141: Belum
A142: 141 | B142: Falzone | C142: @falzone9922 | D142: 1037 | E142: 3 | F142: 40673 | G142: High spender | H142: Aktif di banyak room (+4) | J142: Belum | K142: Belum
A143: 142 | B143: hunter83 | C143: @hunter021283 | D143: 942 | E143: 3 | F143: 40668 | G143: High spender | H143: Aktif di banyak room (+5) | I143: Muncul di 2 screenshot; nilai lain: 38.355 koin (gbr 38) | J143: Belum | K143: Belum
A144: 143 | B144: Nivlem | C144: @nivlem1307 | D144: 2593 | E144: 4 | F144: 40051 | G144: High spender | H144: Loyal room supporter (+4) | J144: Belum | K144: Belum
...

Sheet Ringkasan (acc spender by web)
A1: Ringkasan Progres
A3: Total akun | B3: =COUNTA('Daftar Akun Spender by web'!B2:B330) -> 329
A4: Sudah chat | B4: =COUNTIF('Daftar Akun Spender by web'!J2:J330,"Sudah") -> 10
A5: Belum chat | B5: =COUNTIF('Daftar Akun Spender by web'!J2:J330,"Belum") -> 319
A6: Sudah dibalas | B6: =COUNTIF('Daftar Akun Spender by web'!K2:K330,"Sudah") -> 0
A7: Tidak ada respon | B7: =COUNTIF('Daftar Akun Spender by web'!K2:K330,"Tidak ada respon") -> 0
A8: Whale | B8: =COUNTIF('Daftar Akun Spender by web'!G2:G330,"Whale") -> 107
A9: High spender | B9: =COUNTIF('Daftar Akun Spender by web'!G2:G330,"High spender") -> 175
A10: Supporter | B10: =COUNTIF('Daftar Akun Spender by web'!G2:G330,"Supporter") -> 46
A13: Catatan
A14: Data dibaca manual dari 56 screenshot leaderboard (jam 17.35-18.56); akun yang muncul lebih dari sekali digabung per username, koin tertinggi dipakai.
A15: Kolom K-L (kuning) diisi manual: pilih dari dropdown. Default 'Belum'.
A16: Sebagian nama/tier terpotong di tepi screenshot; ditandai '…' atau di kolom Catatan.
A17: Angka koin dan hadiah berbeda antar screenshot karena diambil di waktu/halaman berbeda; cek kolom Catatan.

Sheet Daftar Nama dan Status Pengumpu
A1: No | B1: Nama | C1: Centang | D1: Status | F1: Ringkasan
A2: 1 | B2: monarch77 | C2: =TRUE() -> TRUE | D2: =IF(C2,"Sudah","Belum") -> Sudah | F2: Sudah | G2: =COUNTIF(C2:C55,TRUE()) -> 28
A3: 2 | B3: kebun air | C3: =TRUE() -> TRUE | D3: =IF(C3,"Sudah","Belum") -> Sudah | F3: Belum | G3: =COUNTIF(C2:C55,FALSE()) -> 26
A4: 3 | B4: hanssel | C4: =TRUE() -> TRUE | D4: =IF(C4,"Sudah","Belum") -> Sudah | F4: Total | G4: =G2+G3 -> 54
A5: 4 | B5: kambing terbang | C5: =TRUE() -> TRUE | D5: =IF(C5,"Sudah","Belum") -> Sudah | F5: Progres | G5: =IF(G4=0,0,G2/G4) -> 0.51851852
A6: 5 | B6: dewolves | C6: =TRUE() -> TRUE | D6: =IF(C6,"Sudah","Belum") -> Sudah
A7: 6 | B7: bang aji | C7: =TRUE() -> TRUE | D7: =IF(C7,"Sudah","Belum") -> Sudah | F7: Klik kotak di kolom C untuk centang (Sudah)
A8: 7 | B8: luis | C8: =TRUE() -> TRUE | D8: =IF(C8,"Sudah","Belum") -> Sudah
A9: 8 | B9: zeroaxel | C9: =TRUE() -> TRUE | D9: =IF(C9,"Sudah","Belum") -> Sudah
A10: 9 | B10: nobody | C10: =TRUE() -> TRUE | D10: =IF(C10,"Sudah","Belum") -> Sudah
A11: 10 | B11: dibi | C11: =TRUE() -> TRUE | D11: =IF(C11,"Sudah","Belum") -> Sudah
A12: 11 | B12: gowther | C12: =TRUE() -> TRUE | D12: =IF(C12,"Sudah","Belum") -> Sudah
A13: 12 | B13: jepang | C13: =TRUE() -> TRUE | D13: =IF(C13,"Sudah","Belum") -> Sudah
A14: 13 | B14: ozan | C14: =TRUE() -> TRUE | D14: =IF(C14,"Sudah","Belum") -> Sudah
A15: 14 | B15: han | C15: =TRUE() -> TRUE | D15: =IF(C15,"Sudah","Belum") -> Sudah
A16: 15 | B16: axheno | C16: =TRUE() -> TRUE | D16: =IF(C16,"Sudah","Belum") -> Sudah
A17: 16 | B17: iblis | C17: =TRUE() -> TRUE | D17: =IF(C17,"Sudah","Belum") -> Sudah
A18: 17 | B18: kimchi | C18: =TRUE() -> TRUE | D18: =IF(C18,"Sudah","Belum") -> Sudah
A19: 18 | B19: edhy | C19: =TRUE() -> TRUE | D19: =IF(C19,"Sudah","Belum") -> Sudah
... A29: 28 | B29: krazly | C29: =TRUE() -> TRUE | D29: =IF(C29,"Sudah","Belum") -> Sudah
A30: 29 | B30: yeka | C30: =FALSE() -> FALSE | D30: =IF(C30,"Sudah","Belum") -> Belum
A31: 30 | B31: alpin | C31: =FALSE() -> FALSE | D31: =IF(C31,"Sudah","Belum") -> Belum
A32: 31 | B32: NOVA_MILITARY | C32: =FALSE() -> FALSE | D32: =IF(C32,"Sudah","Belum") -> Belum
A33: 32 | B33: Bob's 4lyfe | C33: =FALSE() -> FALSE | D33: =IF(C33,"Sudah","Belum") -> Belum
A34: 33 | B34: luislunatico1989 | C34: =FALSE() -> FALSE | D34: =IF(C34,"Sudah","Belum") -> Belum
A35: 34 | B35: rapin | C35: =FALSE() -> FALSE | D35: =IF(C35,"Sudah","Belum") -> Belum
A36: 35 | B36: love | C36: =FALSE() -> FALSE | D36: =IF(C36,"Sudah","Belum") -> Belum
A37: 36 | B37: peanut✰ | C37: =FALSE() -> FALSE | D37: =IF(C37,"Sudah","Belum") -> Belum
A38: 37 | B38: officeboy12 | C38: =FALSE() -> FALSE | D38: =IF(C38,"Sudah","Belum") -> Belum
A39: 38 | B39: hantu yang terlupakan | C39: =FALSE() -> FALSE | D39: =IF(C39,"Sudah","Belum") -> Belum
A40: 39 | B40: فارز | C40: =FALSE() -> FALSE | D40: =IF(C40,"Sudah","Belum") -> Belum
A41: 40 | B41: 2012🌺 | C41: =FALSE() -> FALSE | D41: =IF(C41,"Sudah","Belum") -> Belum
... A55: 54 | B55: jopipi | C55: =FALSE() -> FALSE | D55: =IF(C55,"Sudah","Belum") -> Belum
